country,year,drought
Afghanistan ,1969,1
Afghanistan ,1971,1
Afghanistan ,2000,1
Afghanistan ,2006,1
Afghanistan ,2008,1
Albania ,1989,1
Algeria ,1981,1
Algeria ,2005,1
Egypt,1981,1
Egypt,2005,1
Libya,1981,1
Libya,2005,1
Angola ,1981,1
Angola ,1985,1
Angola ,1989,1
Angola ,1997,1
Angola ,2001,1
Angola ,2004,1
Antigua and Barbuda ,1983,1
Argentina ,2003,1
Argentina ,2009,1
Armenia ,2000,1
Australia ,1967,1
Australia ,1974,1
Australia ,1976,2
Australia ,1978,1
Australia ,1981,1
Australia ,1991,1
Australia ,1992,1
Australia ,2002,1
Australia ,2006,1
Azerbaijan ,2000,1
Bangladesh ,1974,1
Bangladesh ,1979,1
Bangladesh ,1982,1
Bangladesh ,1989,1
Bangladesh ,2009,1
Belgium ,1976,1
Benin ,1969,1
Benin ,1980,1
Bolivia (Plurinational State of),1977,1
Bolivia (Plurinational State of),1983,2
Bolivia (Plurinational State of),1988,1
Bolivia (Plurinational State of),1990,1
Bolivia (Plurinational State of),1994,1
Bolivia (Plurinational State of),2000,1
Bolivia (Plurinational State of),2004,1
Bolivia (Plurinational State of),2008,1
Bosnia-Hercegovenia ,2000,1
Bosnia-Hercegovenia ,2003,1
Botswana ,1965,1
Botswana ,1968,1
Botswana ,1970,1
Botswana ,1981,1
Botswana ,1990,1
Botswana ,2005,1
Brazil ,1970,1
Brazil ,1977,1
Brazil ,1978,1
Brazil ,1979,1
Brazil ,1983,1
Brazil ,1985,1
Brazil ,1987,1
Brazil ,1988,1
Brazil ,1994,1
Brazil ,1998,1
Brazil ,2001,1
Brazil ,2002,1
Brazil ,2004,1
Brazil ,2005,1
Brazil ,2007,1
Bulgaria ,1983,1
Bulgaria ,2000,1
Burkina Faso ,1966,1
Burkina Faso ,1969,1
Burkina Faso ,1976,1
Burkina Faso ,1980,1
Burkina Faso ,1988,1
Burkina Faso ,1990,1
Burkina Faso ,1995,1
Burkina Faso ,1998,1
Burkina Faso ,2001,1
Burundi ,1999,1
Burundi ,2003,1
Burundi ,2005,1
Burundi ,2008,1
Burundi ,2009,1
Cambodia ,1987,1
Cambodia ,1994,1
Cambodia ,2001,1
Cambodia ,2002,1
Cambodia ,2005,1
Cameroon ,1971,1
Cameroon ,1990,1
Cameroon ,2001,1
Cameroon ,2005,1
Canada ,1961,1
Canada ,1977,1
Canada ,1984,1
Canada ,1988,1
Cape Verde,1969,1
Cape Verde,1980,1
Cape Verde,1992,1
Cape Verde,1998,1
Cape Verde,2002,1
Central African Republic,1983,1
Chad ,1966,1
Chad ,1969,1
Chad ,1980,1
Chad ,1993,1
Chad ,1997,1
Chad ,2001,1
Chad ,2009,1
Chile ,1968,1
Chile ,1991,1
China,1965,1
China,1978,1
China,1979,1
China,1983,1
China,1985,1
China,1988,1
China,1991,1
China,1992,2
China,1994,2
China,1995,1
China,1997,1
China,1999,1
China,2000,3
China,2001,2
China,2002,3
China,2003,2
China,2005,2
China,2006,1
China,2008,1
China,2009,2
Colombia ,1998,1
Comoros ,1981,1
Congo ,1983,1
Costa Rica ,1973,1
Costa Rica ,1994,1
Costa Rica ,1998,1
C�te d'Ivoire,1980,1
Croatia ,2003,1
Cuba ,1981,1
Cuba ,1986,1
Cuba ,1993,1
Cuba ,1998,1
Cuba ,2000,1
Cuba ,2004,1
Cyprus ,1991,1
Cyprus ,2000,1
Denmark ,1992,1
Djibouti ,1980,1
Djibouti ,1983,1
Djibouti ,1988,1
Djibouti ,1996,1
Djibouti ,1999,1
Djibouti ,2005,1
Djibouti ,2007,1
Djibouti ,2008,1
Dominican Republic,1968,1
Ecuador ,1964,1
Ecuador ,1997,1
Ecuador ,2009,1
El Salvador ,1982,1
El Salvador ,1994,1
El Salvador ,1998,1
El Salvador ,2001,1
El Salvador ,2009,1
Eritrea ,1993,1
Eritrea ,1999,1
Eritrea ,2008,1
Ethiopia ,1965,1
Ethiopia ,1969,1
Ethiopia ,1973,1
Ethiopia ,1983,1
Ethiopia ,1987,1
Ethiopia ,1989,1
Ethiopia ,1997,1
Ethiopia ,1998,1
Ethiopia ,1999,1
Ethiopia ,2003,1
Ethiopia ,2005,1
Ethiopia ,2008,1
Ethiopia ,2009,1
Fiji ,1983,1
Fiji ,1998,1
France ,1982,1
France ,1989,1
France ,1991,1
France ,1997,1
Gambia,1968,1
Gambia,1969,1
Gambia,1976,1
Gambia,1980,1
Gambia,2002,1
Georgia ,2000,1
Ghana ,1971,1
Ghana ,1977,1
Ghana ,1980,1
Greece ,1990,1
Guatemala ,1987,1
Guatemala ,1994,1
Guatemala ,2001,1
Guatemala ,2009,1
Guinea ,1980,1
Guinea ,1998,1
Guinea-Bissau ,1969,1
Guinea-Bissau ,1980,1
Guinea-Bissau ,2002,1
Guinea-Bissau ,2006,1
Guyana ,1988,1
Guyana ,1997,1
Haiti ,1968,1
Haiti ,1974,1
Haiti ,1977,1
Haiti ,1980,1
Haiti ,1992,1
Haiti ,1993,1
Haiti ,2003,1
Honduras ,1965,1
Honduras ,1972,1
Honduras ,1994,1
Honduras ,1997,1
Honduras ,2000,1
Honduras ,2001,1
Honduras ,2002,1
Honduras ,2004,1
Honduras ,2009,1
"China, Hong Kong SAR",1960,1
"China, Hong Kong SAR",1966,1
"China, Hong Kong SAR",1976,1
"China, Hong Kong SAR",1977,1
"China, Hong Kong SAR",1979,1
"China, Hong Kong SAR",1981,1
"China, Hong Kong SAR",1983,1
Hungary ,1986,1
Hungary ,1992,1
Hungary ,2003,1
India ,1964,2
India ,1965,1
India ,1972,1
India ,1979,1
India ,1982,1
India ,1987,1
India ,1993,1
India ,1996,1
India ,2000,1
India ,2002,1
India ,2009,1
Indonesia ,1966,1
Indonesia ,1972,1
Indonesia ,1978,1
Indonesia ,1982,1
Indonesia ,1984,1
Indonesia ,1986,1
Indonesia ,1987,1
Indonesia ,1997,1
Indonesia ,2003,1
Iran (Islamic Republic of),1964,1
Iran (Islamic Republic of),1999,1
Iraq ,1969,1
Iraq ,1998,1
Israel ,1999,1
Italy ,1997,1
Italy ,2002,1
Jamaica ,1968,1
Jamaica ,1981,1
Jamaica ,2000,1
Japan ,1977,1
Jordan ,1999,1
Jordan ,2000,1
Kenya ,1965,1
Kenya ,1971,1
Kenya ,1979,1
Kenya ,1983,1
Kenya ,1991,1
Kenya ,1994,1
Kenya ,1996,1
Kenya ,1999,1
Kenya ,2004,1
Kenya ,2005,1
Kenya ,2008,1
Kiribati ,1999,1
Republic of Korea,1967,1
Republic of Korea,2001,1
Kyrgyzstan ,2009,1
Lao People's Democratic Republic,1977,1
Lao People's Democratic Republic,1987,1
Lao People's Democratic Republic,1988,1
Lao People's Democratic Republic,1991,1
Lao People's Democratic Republic,1999,1
Lesotho ,1968,1
Lesotho ,1983,1
Lesotho ,1990,1
Lesotho ,2002,1
Lesotho ,2007,1
Liberia ,1980,1
Lithuania ,1992,1
Lithuania ,2006,1
Macedonia FRY ,1993,1
Madagascar ,1981,1
Madagascar ,1988,1
Madagascar ,2000,1
Madagascar ,2002,1
Madagascar ,2005,1
Madagascar ,2008,1
Malawi ,1987,1
Malawi ,1990,1
Malawi ,1992,1
Malawi ,2002,1
Malawi ,2005,1
Malawi ,2007,1
Malaysia ,1998,1
Mali ,1966,1
Mali ,1976,1
Mali ,1980,1
Mali ,1991,1
Mali ,2001,1
Mali ,2005,1
Mali ,2006,1
Mauritania ,1965,1
Mauritania ,1969,1
Mauritania ,1976,1
Mauritania ,1978,1
Mauritania ,1980,1
Mauritania ,1993,1
Mauritania ,1997,1
Mauritania ,2001,1
Mauritius ,1999,1
Mexico ,1978,1
Mexico ,1988,1
Mexico ,1995,1
Mexico ,1996,1
Mexico ,1999,1
Mexico ,2002,1
Micronesia Fed States ,1998,1
Moldova Rep ,2000,1
Moldova Rep ,2007,1
Mongolia ,2000,1
Morocco ,1966,1
Morocco ,1971,1
Morocco ,1983,1
Morocco ,1984,1
Morocco ,1999,1
Mozambique ,1979,1
Mozambique ,1981,1
Mozambique ,1987,1
Mozambique ,1990,1
Mozambique ,1998,1
Mozambique ,2001,2
Mozambique ,2003,1
Mozambique ,2005,1
Mozambique ,2007,1
Mozambique ,2008,1
Namibia ,1981,1
Namibia ,1990,1
Namibia ,1995,1
Namibia ,1998,1
Namibia ,2001,1
Namibia ,2002,1
Nepal ,1964,1
Nepal ,1967,1
Nepal ,1972,1
Nepal ,1979,1
Nepal ,2006,1
Nepal ,2009,1
New Zealand ,1992,1
Nicaragua ,1994,1
Nicaragua ,1997,1
Nicaragua ,2000,1
Nicaragua ,2001,1
Niger ,1966,1
Niger ,1980,1
Niger ,1988,1
Niger ,1990,1
Niger ,1997,1
Niger ,2001,1
Niger ,2005,1
Niger ,2009,1
Nigeria ,1981,1
Pakistan ,1999,1
Panama ,1983,1
Papua New Guinea ,1980,1
Papua New Guinea ,1997,1
Paraguay ,1963,1
Paraguay ,1983,1
Paraguay ,1999,1
Paraguay ,2005,1
Paraguay ,2008,1
Paraguay ,2009,1
Peru ,1966,1
Peru ,1969,1
Peru ,1983,1
Peru ,1990,1
Peru ,1992,1
Peru ,2002,1
Peru ,2004,1
Peru ,2006,1
Philippines ,1978,1
Philippines ,1980,1
Philippines ,1983,1
Philippines ,1987,1
Philippines ,1990,1
Philippines ,1998,1
Philippines ,2002,1
Philippines ,2007,1
Portugal ,1983,1
Portugal ,1997,1
Portugal ,2004,1
Puerto Rico ,1994,1
Romania ,1983,1
Romania ,2000,1
Russia ,1993,1
Russia ,1998,1
Russia ,2003,1
Rwanda ,1976,1
Rwanda ,1984,1
Rwanda ,1989,1
Rwanda ,1996,1
Rwanda ,1999,1
Rwanda ,2003,1
Sao Tome et Principe ,1983,1
Senegal ,1966,1
Senegal ,1969,1
Senegal ,1976,1
Senegal ,1979,1
Senegal ,1980,1
Senegal ,2002,1
Solomon Islands,1997,1
Solomon Islands,1998,1
Somalia ,1964,1
Somalia ,1969,1
Somalia ,1973,1
Somalia ,1980,1
Somalia ,1983,1
Somalia ,1987,1
Somalia ,1988,1
Somalia ,1999,1
Somalia ,2004,1
Somalia ,2005,1
Somalia ,2008,1
South Africa ,1964,1
South Africa ,1980,1
South Africa ,1981,1
South Africa ,1986,1
South Africa ,1988,1
South Africa ,1990,1
South Africa ,1995,1
South Africa ,2004,1
Spain ,1980,1
Spain ,1981,1
Spain ,1990,1
Spain ,1999,1
Sri Lanka ,1977,1
Sri Lanka ,1979,1
Sri Lanka ,1980,1
Sri Lanka ,1981,1
Sri Lanka ,1982,1
Sri Lanka ,1987,1
Sri Lanka ,1988,1
Sri Lanka ,2001,1
Sudan ,1980,1
Sudan ,1983,1
Sudan ,1987,1
Sudan ,1990,1
Sudan ,1991,1
Sudan ,1996,1
Sudan ,1999,1
Sudan ,2009,1
Swaziland ,1981,1
Swaziland ,1984,1
Swaziland ,1990,1
Swaziland ,2001,1
Swaziland ,2007,1
Syrian Arab Republic,1999,1
Syrian Arab Republic,2008,1
Tajikistan ,2000,1
Tajikistan ,2008,1
United Republic of Tanzania,1967,1
United Republic of Tanzania,1977,1
United Republic of Tanzania,1984,1
United Republic of Tanzania,1988,1
United Republic of Tanzania,1990,1
United Republic of Tanzania,1996,1
United Republic of Tanzania,2003,1
United Republic of Tanzania,2004,1
United Republic of Tanzania,2006,1
Thailand ,1991,1
Thailand ,1993,1
Thailand ,1999,1
Thailand ,2002,1
Thailand ,2005,1
Thailand ,2008,1
Timor-Leste ,2007,1
Togo ,1971,1
Togo ,1980,1
Togo ,1989,1
Tunisia ,1977,1
Tunisia ,1988,1
Uganda ,1967,1
Uganda ,1979,1
Uganda ,1987,1
Uganda ,1998,1
Uganda ,1999,1
Uganda ,2002,1
Uganda ,2005,1
Uganda ,2008,1
United States ,1988,1
United States ,1991,2
United States ,1999,1
United States ,2000,2
United States ,2002,1
United States ,2007,1
Uruguay ,1999,1
Uzbekistan ,2000,1
Venezuela (Bolivarian Republic of),2009,1
Viet Nam ,1987,1
Viet Nam ,1997,1
Viet Nam ,1999,1
Viet Nam ,2002,1
Viet Nam ,2005,1
Yemen,1969,1
Yemen,1977,1
Yugoslavia ,1990,1
Democratic Republic of the Congo,1978,1
Democratic Republic of the Congo,1983,1
Zambia ,1981,1
Zambia ,1983,1
Zambia ,1990,1
Zambia ,1995,1
Zambia ,2005,1
Zimbabwe ,1981,1
Zimbabwe ,1990,1
Zimbabwe ,1998,1
Zimbabwe ,2001,1
Zimbabwe ,2007,1
Bahrain,1969,1
Bahrain,1977,1
Jordan ,1969,1
Jordan ,1977,1
Kuwait,1969,1
Kuwait,1977,1
Lebanon,1969,1
Lebanon,1977,1
Oman,1969,1
Oman,1977,1
Qatar,1969,1
Qatar,1977,1
Saudi Arabia,1969,1
Saudi Arabia,1977,1
United Arab Emirates,1969,1
United Arab Emirates,1977,1
"China, Macao SAR",1960,1
"China, Macao SAR",1966,1
"China, Macao SAR",1976,1
"China, Macao SAR",1977,1
"China, Macao SAR",1979,1
"China, Macao SAR",1981,1
"China, Macao SAR",1983,1
Bhutan,1964,1
Bhutan,1967,1
Bhutan,1972,1
Bhutan,1979,1
Bhutan,2006,1
Bhutan,2009,1
Brunei Darussalam ,1998,1
Myanmar,1991,1
Myanmar,1993,1
Myanmar,1999,1
Myanmar,2002,1
Myanmar,2005,1
Myanmar,2008,1
Singapore,1998,1
Taiwan,1960,1
Taiwan,1966,1
Taiwan,1976,1
Taiwan,1977,1
Taiwan,1979,1
Taiwan,1981,1
Taiwan,1983,1
Bahamas,1981,1
Bahamas,1986,1
Bahamas,1993,1
Bahamas,1998,1
Bahamas,2000,1
Bahamas,2004,1
Belize,1965,1
Belize,1972,1
Belize,1994,1
Belize,1997,1
Belize,2000,1
Belize,2001,1
Belize,2002,1
Belize,2004,1
Belize,2009,1
Suriname,1988,1
Suriname,1997,1
Sierra Leone,1980,1
Equatorial Guinea,1983,1
Gabon,1983,1
Trinidad and Tobago,2009,1
