Country Name,induL00,mfgL00,servL00
Afghanistan,5.7,3,15
Albania,,,
Algeria,24.3,10.5,54.7
American Samoa,,,
Andorra,,,
Angola,5,2,10
Antigua and Barbuda,,,
Arab World,,,
Argentina,22.7,14,76.2
Armenia,,,
Aruba,,,
Australia,,,
Austria,,,
Azerbaijan,,,
"Bahamas, The",17,4.1,78.4
Bahrain,28,17.2,68.6
Bangladesh,10.3,7.1,23.5
Barbados,,,
Belarus,,,
Belgium,,,
Belize,17,9.4,53
Benin,9.5,5,46.2
Bermuda,,,
Bhutan,6,2,17.5
Bolivia,19.5,10.1,43.7
Bosnia and Herzegovina,,,
Botswana,20.9,8.8,58.2
Brazil,21.2,13.3,56.5
Brunei Darussalam,21.4,8.5,77.2
Bulgaria,,,
Burkina Faso,3.3,2,11
Burundi,2.2,1,5.6
Cambodia,8.4,3.3,17.9
Cameroon,9.1,6,22.6
Canada,,,
Cape Verde,15,12,
Caribbean small states,,,
Cayman Islands,,,
Central African Republic,12,6,15
Chad,2.1,1,14.5
Channel Islands,,,
Chile,23.4,14,62.2
China,22.5,11.2,27.5
Colombia,25.5,17.8,73.3
Comoros,2,1,
"Congo, Dem. Rep.",7,3,18
"Congo, Rep.",6,3,42.2
Costa Rica,22.3,14.4,56.7
Cote d'Ivoire,7,4,54.5
Croatia,,,
Cuba,19.1,9.8,53.8
Curacao,,,
Cyprus,,,
Czech Republic,,,
Denmark,,,
Djibouti,6,3,
Dominica,,,
Dominican Republic,24.3,17.1,59.8
East Asia & Pacific (all income levels),,,
East Asia & Pacific (developing only),,,
Ecuador,19.9,10.1,50.8
"Egypt, Arab Rep.",21.3,11.9,49.1
El Salvador,24.2,18.7,54.1
Equatorial Guinea,5,1,
Eritrea,5,1.3,20
Estonia,,,
Ethiopia,5,3.7,10
Euro area,,,
Europe & Central Asia (all income levels),,,
Europe & Central Asia (developing only),,,
European Union,,,
Faeroe Islands,,,
Fiji,14.9,9.8,15.1
Finland,,,
France,,,
French Polynesia,,,
Gabon,11.5,6,64.7
"Gambia, The",6.1,3,27.8
Georgia,,,
Germany,,,
Ghana,15.5,10.5,31.1
Greece,,,
Greenland,,,
Grenada,,,
Guam,,,
Guatemala,22.5,15.9,37.7
Guinea,5.9,2.5,18.1
Guinea-Bissau,8,4,10
Guyana,22.6,11.6,48
Haiti,10.8,6.5,38.7
Heavily indebted poor countries (HIPC),,,
High income,,,
High income: nonOECD,,,
High income: OECD,,,
Honduras,22.2,16.4,40.9
"Hong Kong SAR, China",20.3,10.4,79.4
Hungary,,,
Iceland,,,
India,16.1,11.2,24
Indonesia,17.4,13,37.3
"Iran, Islamic Rep.",30.3,17.5,44.3
Iraq,17.8,5.7,65.2
Ireland,,,
Isle of Man,,,
Israel,23.7,17.3,73
Italy,,,
Jamaica,16.9,7,62
Japan,31.2,20.5,63.1
Jordan,21.8,11.4,73.3
Kazakhstan,,,
Kenya,6.7,3,32.2
Kiribati,,,
"Korea, Dem. Rep.",47,31.4,
"Korea, Rep.",28.1,21.3,61.2
Kosovo,,,
Kuwait,22.9,4.9,73.9
Kyrgyz Republic,,,
Lao PDR,3.5,2,11.1
Latin America & Caribbean (all income levels),,,
Latin America & Caribbean (developing only),,,
Latvia,,,
Least developed countries: UN classification,,,
Lebanon,21,12.1,
Lesotho,9.3,3.5,18.3
Liberia,2.5,0.25,14.9
Libya,16.6,8,59
Liechtenstein,,,
Lithuania,,,
Low & middle income,,,
Low income,,,
Lower middle income,,,
Luxembourg,,,
"Macao SAR, China",28.2,19.5,71.5
"Macedonia, FYR",,,
Madagascar,6.7,5.5,15.3
Malawi,4.4,2.6,
Malaysia,32.2,22.8,49.5
Maldives,19,12.8,50.2
Mali,7,4.9,41.9
Malta,,,
Marshall Islands,,,
Mauritania,10,5,40
Mauritius,38.8,28.7,49
Mexico,26.8,19.2,55.2
"Micronesia, Fed. Sts.",,,
Middle East & North Africa (all income levels),,,
Middle East & North Africa (developing only),,,
Middle income,,,
Moldova,,,
Monaco,,,
Mongolia,14.1,6.7,37.2
Montenegro,,,
Morocco,31.9,20,62.8
Mozambique,3.4,0.75,16.1
Myanmar,12,9.1,25.1
Namibia,12.2,5.3,56.1
Nepal,9.8,6.5,14.1
Netherlands,,,
New Caledonia,,,
New Zealand,,,
Nicaragua,14.7,7.8,37.9
Niger,6,3,31.1
Nigeria,10,5.6,41.7
North America,,,
Northern Mariana Islands,,,
Norway,,,
Not classified,,,
OECD members,,,
Oman,11.2,4.9,82.2
Other small states,,,
Pacific island small states,,,
Pakistan,18,11.5,33.5
Palau,,,
Panama,17.4,9.2,65.7
Papua New Guinea,3.6,1.1,22.7
Paraguay,16.9,11,51.2
Peru,16.2,11.2,78.2
Philippines,16.2,10,46.7
Poland,,,
Portugal,,,
Puerto Rico,,,
Qatar,38.2,8.6,59
Romania,,,
Russian Federation,,,
Rwanda,3.8,1.2,16.5
Samoa,,,
San Marino,,,
Sao Tome and Principe,,,
Saudi Arabia,19.9,7.7,74
Senegal,12.4,6.5,36.1
Serbia,,,
Seychelles,,,
Sierra Leone,4.2,0.5,27.5
Singapore,33.8,20.7,70
Sint Maarten (Dutch part),,,
Slovak Republic,,,
Slovenia,,,
Small states,,,
Solomon Islands,19.7,12.6,20
Somalia,5,2,
South Africa,24.2,12.9,59.4
South Asia,,,
South Sudan,,,
Spain,,,
Sri Lanka,22.5,15.4,33.4
St. Kitts and Nevis,,,
St. Lucia,,,
St. Martin (French part),,,
St. Vincent and the Grenadines,,,
Sub-Saharan Africa (all income levels),,,
Sub-Saharan Africa (developing only),,,
Sudan,7,1.8,15
Suriname,14.5,4.2,75.4
Swaziland,10,3.9,44.9
Sweden,,,
Switzerland,,,
Syrian Arab Republic,26.1,12.8,41
Tajikistan,,,
Tanzania,2.6,1.4,15.3
Thailand,19,14.7,32.2
Timor-Leste,8.5,5.2,26
Togo,5,2.5,37.5
Tonga,,,
Trinidad and Tobago,28,12.5,64.6
Tunisia,30,19.6,49
Turkey,24,15.8,40
Turkmenistan,,,
Turks and Caicos Islands,,,
Tuvalu,,,
Uganda,6.5,6.1,22.1
Ukraine,,,
United Arab Emirates,33.4,10.9,58.7
United Kingdom,,,
United States,,,
Upper middle income,,,
Uruguay,24.7,15.2,71.3
Uzbekistan,,,
Vanuatu,,,
"Venezuela, RB",22.8,13.3,66.5
Vietnam,12.4,9.2,22.3
Virgin Islands (U.S.),,,
West Bank and Gaza,,,
World,,,
"Yemen, Rep.",11.1,3.7,34.7
Zambia,5.8,2.7,22.6
Zimbabwe,9.3,5.9,28.1
