Continent,Country,Island
Africa,Angola,0
Africa,Benin,0
Africa,Botswana,0
Africa,Burkina Faso,0
Africa,Burundi,0
Africa,Cameroon,0
Africa,Cape Verde,1
Africa,Central African Republic,0
Africa,Chad,0
Africa,Comoros,1
Africa,Congo,0
Africa,C�te d'Ivoire,0
Africa,Democratic Republic of the Congo,0
Africa,Djibouti,0
Africa,Equatorial Guinea,0
Africa,Eritrea,0
Africa,Ethiopia,0
Africa,Gabon,0
Africa,Gambia,0
Africa,Ghana,0
Africa,Guinea,0
Africa,Guinea-Bissau,0
Africa,Kenya,0
Africa,Lesotho,0
Africa,Liberia,0
Africa,Madagascar,0
Africa,Malawi,0
Africa,Mali,0
Africa,Mauritania,0
Africa,Mauritius,1
Africa,Mozambique,0
Africa,Namibia,0
Africa,Niger,0
Africa,Nigeria,0
Africa,Rwanda,0
Africa,Senegal,0
Africa,Sierra Leone,0
Africa,Somalia,0
Africa,South Africa,0
Africa,Sudan,0
Africa,Swaziland,0
Africa,Togo,0
Africa,Uganda,0
Africa,United Republic of Tanzania,0
Africa,Zambia,0
Africa,Zimbabwe,0
MENA,Algeria,0
MENA,Egypt,0
MENA,Libya,0
MENA,Morocco,0
MENA,Tunisia,0
MENA,Bahrain,1
MENA,Iran (Islamic Republic of),0
MENA,Iraq,0
MENA,Israel,0
MENA,Jordan,0
MENA,Kuwait,0
MENA,Lebanon,0
MENA,Oman,0
MENA,Qatar,0
MENA,Saudi Arabia,0
MENA,Syrian Arab Republic,0
MENA,Turkey,0
MENA,United Arab Emirates,0
MENA,Yemen,0
Asia,Afghanistan,0
Asia,Bangladesh,0
Asia,Bhutan,0
Asia,India,0
Asia,Maldives,1
Asia,Nepal,0
Asia,Pakistan,0
Asia,Sri Lanka,0
Asia,China,0
Asia,"China, Hong Kong SAR",0
Asia,"China, Macao SAR",0
Asia,Dem. People's Republic of Korea,0
Asia,Japan,0
Asia,Mongolia,0
Asia,Republic of Korea,0
Asia,Brunei Darussalam,0
Asia,Cambodia,0
Asia,Indonesia,0
Asia,Lao People's Democratic Republic,0
Asia,Malaysia,0
Asia,Myanmar,0
Asia,Philippines,0
Asia,Singapore,0
Asia,Thailand,0
Asia,Timor-Leste,1
Asia,Viet Nam,0
Asia,Taiwan,0
Asia,Fiji,1
Asia,Papua New Guinea,0
Asia,Solomon Islands,1
LAC,Bahamas,1
LAC,Cuba,0
LAC,Dominican Republic,1
LAC,Haiti,1
LAC,Jamaica,1
LAC,Trinidad and Tobago,1
LAC,Belize,0
LAC,Costa Rica,0
LAC,El Salvador,0
LAC,Guatemala,0
LAC,Honduras,0
LAC,Mexico,0
LAC,Nicaragua,0
LAC,Panama,0
LAC,Argentina,0
LAC,Bolivia (Plurinational State of),0
LAC,Brazil,0
LAC,Chile,0
LAC,Colombia,0
LAC,Ecuador,0
LAC,Guyana,0
LAC,Paraguay,0
LAC,Peru,0
LAC,Suriname,0
LAC,Uruguay,0
LAC,Venezuela (Bolivarian Republic of),0
